price_id,material_family,material_base_norm,material_grade_norm,alias_raw,alias_norm,feature,density_g_cm3,price_rmb_per_kg,price_min_rmb_per_kg,price_max_rmb_per_kg,price_basis,stock_form,supplier,effective_date,source_file,source_sheet,source_row,source_priority,confidence,is_active,review_required,review_reason
mp_s0002,steel,SUS304,SUS304,SUS304|0Cr19Ni9|X5CrNi18-10|1.4301,sus304|0cr19ni9|x5crni18-10|1.4301,奥氏体不锈钢,7.85,40.0,40.0,40.0,rmb_per_kg,unknown,,2026-06-27,材料价格.xlsx,Sheet1,3,100,0.95,TRUE,FALSE,
mp_s0003,steel,SUS303,SUS303,SUS303|Y1Cr18Ni9|X8CrNiSi18-9|1.4305,sus303|y1cr18ni9|x8crnisi18-9|1.4305,奥氏体不锈钢,7.85,40.0,40.0,40.0,rmb_per_kg,unknown,,2026-06-27,材料价格.xlsx,Sheet1,4,100,0.95,TRUE,FALSE,
mp_s0004,steel,45#,45#,45#|C45|S45C|1.1191|080A47|080M46|XC45,45#|c45|s45c|1.1191|080a47|080m46|xc45,中碳钢,7.85,8.0,8.0,8.0,rmb_per_kg,unknown,,2026-06-27,材料价格.xlsx,Sheet1,5,100,0.95,TRUE,FALSE,
mp_s0005,steel,Cr12,Cr12,Cr12|X210Cr12|SKD1|1.208|210Cr12|BD3,cr12|x210cr12|skd1|1.208|210cr12|bd3,模具钢,7.85,50.0,50.0,50.0,rmb_per_kg,unknown,,2026-06-27,材料价格.xlsx,Sheet1,6,100,0.95,TRUE,FALSE,
mp_s0006,steel,Cr12MoV,Cr12MoV,Cr12MoV|90MnCrV 8|X165CrMoV12|1.2601|SKD11|2310|D2,cr12mov|90mncrv 8|x165crmov12|1.2601|skd11|2310|d2,模具钢,7.85,50.0,50.0,50.0,rmb_per_kg,unknown,,2026-06-27,材料价格.xlsx,Sheet1,7,100,0.95,TRUE,FALSE,
mp_s0007,steel,Q235,Q235,Q235|S235JR|SS400|1.0037|SS41|Fe360A|ST-52,q235|s235jr|ss400|1.0037|ss41|fe360a|st-52,碳素结构钢,7.85,8.0,8.0,8.0,rmb_per_kg,unknown,,2026-06-27,材料价格.xlsx,Sheet1,8,100,0.95,TRUE,FALSE,
mp_s0008,steel,50#钢,50#钢,50#钢|C50E4|S50C|1.121|1050|060A52,50#钢|c50e4|s50c|1.121|1050|060a52,中碳钢,7.85,8.0,8.0,8.0,rmb_per_kg,unknown,,2026-06-27,材料价格.xlsx,Sheet1,9,100,0.95,TRUE,FALSE,
mp_s0009,steel,40Cr,40Cr,40Cr|5140|41Cr4|1.7035|SCr440,40cr|5140|41cr4|1.7035|scr440,合金结构钢,7.85,10.0,10.0,10.0,rmb_per_kg,unknown,,2026-06-27,材料价格.xlsx,Sheet1,10,100,0.95,TRUE,FALSE,
mp_s0010,steel,4140,4140,4140|42CrMo|SCM440|1.7225,4140|42crmo|scm440|1.7225,轴承钢,7.85,15.0,15.0,15.0,rmb_per_kg,unknown,,2026-06-27,材料价格.xlsx,Sheet1,11,100,0.95,TRUE,FALSE,
mp_s0012,steel,4142,4142,4142|42CrMo|42CrMnMo,4142|42crmo|42crmnmo,,7.85,15.0,15.0,15.0,rmb_per_kg,unknown,,2026-06-27,材料价格.xlsx,Sheet1,13,100,0.95,TRUE,FALSE,
mp_s0013,steel,17-4PH,17-4PH,17-4PH|0Cr17Ni14Cu4Nb|SUS630|1.4542|X5CrNiCuNb16-4,17-4ph|0cr17ni14cu4nb|sus630|1.4542|x5crnicunb16-4,不锈铁,7.85,15.0,15.0,15.0,rmb_per_kg,unknown,,2026-06-27,材料价格.xlsx,Sheet1,14,100,0.95,TRUE,FALSE,
mp_s0014,steel,SUS316,SUS316,SUS316|0Cr17Ni12Mo2|X5CrNiMo17-12-2|1.4401,sus316|0cr17ni12mo2|x5crnimo17-12-2|1.4401,奥氏体不锈钢,7.85,50.0,50.0,50.0,rmb_per_kg,unknown,,2026-06-27,材料价格.xlsx,Sheet1,15,100,0.95,TRUE,FALSE,
mp_s0015,steel,SUS316L,SUS316L,SUS316L|00Cr17Ni14Mo2|1.4435|1.4404,sus316l|00cr17ni14mo2|1.4435|1.4404,奥氏体不锈钢,7.85,50.0,50.0,50.0,rmb_per_kg,unknown,,2026-06-27,材料价格.xlsx,Sheet1,16,100,0.95,TRUE,FALSE,
mp_s0016,steel,S275,S275,S275|12Cr17Ni7,s275|12cr17ni7,弹簧钢,7.85,15.0,15.0,15.0,rmb_per_kg,unknown,,2026-06-27,材料价格.xlsx,Sheet1,17,100,0.95,TRUE,FALSE,
mp_s0017,steel,SUS321,SUS321,SUS321|1Cr18Ni9Ti|1.4878,sus321|1cr18ni9ti|1.4878,奥氏体不锈钢耐温,7.85,50.0,50.0,50.0,rmb_per_kg,unknown,,2026-06-27,材料价格.xlsx,Sheet1,18,100,0.95,TRUE,FALSE,
mp_s0018,steel,440C,440C,440C|11Cr17|9Cr18|1.4112|X90CrMoV18,440c|11cr17|9cr18|1.4112|x90crmov18,,7.85,40.0,40.0,40.0,rmb_per_kg,unknown,,2026-06-27,材料价格.xlsx,Sheet1,19,100,0.95,TRUE,FALSE,
mp_s0019,steel,SS314,SS314,SS314|00Cr22Ni5Mo3N,ss314|00cr22ni5mo3n,,7.85,40.0,40.0,40.0,rmb_per_kg,unknown,,2026-06-27,材料价格.xlsx,Sheet1,20,100,0.95,TRUE,FALSE,
mp_s0020,steel,SUS420J2,SUS420J2,SUS420J2|3Cr13|X30Cr13|1.4028|1.2083|S136|M310,sus420j2|3cr13|x30cr13|1.4028|1.2083|s136|m310,M310,7.85,40.0,40.0,40.0,rmb_per_kg,unknown,,2026-06-27,材料价格.xlsx,Sheet1,21,100,0.95,TRUE,FALSE,
mp_s0021,steel,SUS430,SUS430,SUS430|Y1Cr17|X12CrMoS17|1.4104,sus430|y1cr17|x12crmos17|1.4104,,7.85,40.0,40.0,40.0,rmb_per_kg,unknown,,2026-06-27,材料价格.xlsx,Sheet1,22,100,0.95,TRUE,FALSE,
mp_s0022,steel,430F,430F,430F,430f,易切削钢,7.85,30.0,30.0,30.0,rmb_per_kg,unknown,,2026-06-27,材料价格.xlsx,Sheet1,23,100,0.95,TRUE,FALSE,
mp_s0023,steel,SUS431,SUS431,SUS431|1Cr17Ni2,sus431|1cr17ni2,,7.85,30.0,30.0,30.0,rmb_per_kg,unknown,,2026-06-27,材料价格.xlsx,Sheet1,24,100,0.95,TRUE,FALSE,
mp_s0024,steel,16MnCr5,16MnCr5,16MnCr5|16CrMnH,16mncr5|16crmnh,渗碳钢,7.85,15.0,15.0,15.0,rmb_per_kg,unknown,,2026-06-27,材料价格.xlsx,Sheet1,25,100,0.95,TRUE,FALSE,
mp_s0025,steel,20Crmo,20Crmo,20Crmo|20CrMnTi|20Cr|20MV|20Mn2|20CrNi,20crmo|20crmnti|20cr|20mv|20mn2|20crni,合金钢,7.85,35.0,35.0,35.0,rmb_per_kg,unknown,,2026-06-27,材料价格.xlsx,Sheet1,26,100,0.95,TRUE,FALSE,
mp_s0026,steel,30CRMO,30CRMO,30CRMO|20CRMO|35crmo,30crmo|20crmo|35crmo,合金钢,7.85,35.0,35.0,35.0,rmb_per_kg,unknown,,2026-06-27,材料价格.xlsx,Sheet1,27,100,0.95,TRUE,FALSE,
mp_s0027,steel,35NCD6,35NCD6,35NCD6|35NiCrMo16,35ncd6|35nicrmo16,工具钢,7.85,15.0,15.0,15.0,rmb_per_kg,unknown,,2026-06-27,材料价格.xlsx,Sheet1,28,100,0.95,TRUE,FALSE,
mp_s0028,steel,38CrMoAL,38CrMoAL,38CrMoAL|41CrAlMo7|1.8509|41CrAlMo74,38crmoal|41cralmo7|1.8509|41cralmo74,高级氮化钢,7.85,25.0,25.0,25.0,rmb_per_kg,unknown,,2026-06-27,材料价格.xlsx,Sheet1,29,100,0.95,TRUE,FALSE,
mp_s0029,steel,60Si2Mn,60Si2Mn,60Si2Mn|61SiCr7|25II60|SUP7,60si2mn|61sicr7|25ii60|sup7,弹簧钢,7.85,15.0,15.0,15.0,rmb_per_kg,unknown,,2026-06-27,材料价格.xlsx,Sheet1,30,100,0.95,TRUE,FALSE,
mp_s0030,steel,9CrWMn,9CrWMn,9CrWMn|100MnCrW4|1.2510|SKS3|95MnWCr1,9crwmn|100mncrw4|1.2510|sks3|95mnwcr1,模具钢,7.85,50.0,50.0,50.0,rmb_per_kg,unknown,,2026-06-27,材料价格.xlsx,Sheet1,31,100,0.95,TRUE,FALSE,
mp_s0031,steel,9Mn2V,9Mn2V,9Mn2V|1.2842,9mn2v|1.2842,,7.85,20.0,20.0,20.0,rmb_per_kg,unknown,,2026-06-27,材料价格.xlsx,Sheet1,32,100,0.95,TRUE,FALSE,
mp_s0032,steel,AISI M41,AISI M41,AISI M41|W7Mo4Cr4V2Co5|T11341|HS2-9-1-8|HS7-4-2-5|S74-2-51.3246,aisi m41|w7mo4cr4v2co5|t11341|hs2-9-1-8|hs7-4-2-5|s74-2-51.3246,高速钢,7.85,35.0,35.0,35.0,rmb_per_kg,unknown,,2026-06-27,材料价格.xlsx,Sheet1,33,100,0.95,TRUE,FALSE,
mp_s0033,steel,C1018,C1018,C1018|16Mn|120Mn,c1018|16mn|120mn,低碳钢,7.85,15.0,15.0,15.0,rmb_per_kg,unknown,,2026-06-27,材料价格.xlsx,Sheet1,34,100,0.95,TRUE,FALSE,
mp_s0034,steel,GCr15,GCr15,GCr15|SUJ2|1.2067|100Cr2,gcr15|suj2|1.2067|100cr2,轴承钢,7.85,15.0,15.0,15.0,rmb_per_kg,unknown,,2026-06-27,材料价格.xlsx,Sheet1,35,100,0.95,TRUE,FALSE,
mp_s0035,steel,P20,P20,P20|3Cr2Mo|35CrMo2,p20|3cr2mo|35crmo2,模具钢,7.85,25.0,25.0,25.0,rmb_per_kg,unknown,,2026-06-27,材料价格.xlsx,Sheet1,36,100,0.95,TRUE,FALSE,
mp_s0036,steel,Q195,Q195,Q195|SS330|St33|040A10|A33,q195|ss330|st33|040a10|a33,碳素结构钢,7.85,15.0,15.0,15.0,rmb_per_kg,unknown,,2026-06-27,材料价格.xlsx,Sheet1,37,100,0.95,TRUE,FALSE,
mp_s0037,steel,S7,S7,S7|5Cr3Mn1SiM01V,s7|5cr3mn1sim01v,工具钢,7.85,15.0,15.0,15.0,rmb_per_kg,unknown,,2026-06-27,材料价格.xlsx,Sheet1,38,100,0.95,TRUE,FALSE,
mp_s0038,steel,SK5,SK5,SK5|T8Mn|C85W|060A81|Y75,sk5|t8mn|c85w|060a81|y75,工具钢,7.85,15.0,15.0,15.0,rmb_per_kg,unknown,,2026-06-27,材料价格.xlsx,Sheet1,39,100,0.95,TRUE,FALSE,
mp_s0039,steel,SKS3,SKS3,SKS3|9CrWMn|100MnCrW4|1.251|95MnWCr1|B01|1.251,sks3|9crwmn|100mncrw4|1.251|95mnwcr1|b01|1.251,工具钢,1.251,7.85,7.85,7.85,rmb_per_kg,unknown,,2026-06-27,材料价格.xlsx,Sheet1,40,100,0.95,TRUE,FALSE,
mp_s0040,steel,D2,D2,D2|Cr12Mo1V1|X155CrMoV12-1|1.2379|XW-42|160CrMoV12,d2|cr12mo1v1|x155crmov12-1|1.2379|xw-42|160crmov12,工具钢,7.85,15.0,15.0,15.0,rmb_per_kg,unknown,,2026-06-27,材料价格.xlsx,Sheet1,41,100,0.95,TRUE,FALSE,
mp_s0041,steel,SKD11,SKD11,SKD11|Cr12Mo1V|2310|1.2601|90MnCrV 8|X165CrMoV12,skd11|cr12mo1v|2310|1.2601|90mncrv 8|x165crmov12,模具钢,7.85,40.0,40.0,40.0,rmb_per_kg,unknown,,2026-06-27,材料价格.xlsx,Sheet1,42,100,0.95,TRUE,FALSE,
mp_s0042,steel,SKD61,SKD61,SKD61|STD61|4Cr5MoSiV1,skd61|std61|4cr5mosiv1,模具钢,7.85,40.0,40.0,40.0,rmb_per_kg,unknown,,2026-06-27,材料价格.xlsx,Sheet1,43,100,0.95,TRUE,FALSE,
mp_s0043,steel,SKH-51,SKH-51,SKH-51|1.3343|M2|W6Mo5Cr4V2,skh-51|1.3343|m2|w6mo5cr4v2,高速钢,7.85,40.0,40.0,40.0,rmb_per_kg,unknown,,2026-06-27,材料价格.xlsx,Sheet1,44,100,0.95,TRUE,FALSE,
mp_s0044,steel,O1,O1,O1|9CrWMn|100MnCrW4|1.251|SKS3|95MnWCr1,o1|9crwmn|100mncrw4|1.251|sks3|95mnwcr1,油钢,7.85,32.0,32.0,32.0,rmb_per_kg,unknown,,2026-06-27,材料价格.xlsx,Sheet1,45,100,0.95,TRUE,FALSE,
mp_s0045,steel,12L14,12L14,12L14,12l14,易切削钢,7.85,15.0,15.0,15.0,rmb_per_kg,unknown,,2026-06-27,材料价格.xlsx,Sheet1,46,100,0.95,TRUE,FALSE,
mp_s0046,steel,44SMNPB28,44SMNPB28,44SMNPB28,44smnpb28,易切削钢,7.85,15.0,15.0,15.0,rmb_per_kg,unknown,,2026-06-27,材料价格.xlsx,Sheet1,47,100,0.95,TRUE,FALSE,
mp_s0047,steel,9smn28k,9smn28k,9smn28k,9smn28k,易切削钢,7.85,15.0,15.0,15.0,rmb_per_kg,unknown,,2026-06-27,材料价格.xlsx,Sheet1,48,100,0.95,TRUE,FALSE,
mp_s0048,steel,S10C,S10C,S10C,s10c,低碳钢,7.85,15.0,15.0,15.0,rmb_per_kg,unknown,,2026-06-27,材料价格.xlsx,Sheet1,49,100,0.95,TRUE,FALSE,
mp_s0049,steel,EN8,EN8,EN8,en8,碳钢,7.85,15.0,15.0,15.0,rmb_per_kg,unknown,,2026-06-27,材料价格.xlsx,Sheet1,50,100,0.95,TRUE,FALSE,
mp_s0050,steel,EN24,EN24,EN24,en24,碳钢,7.85,15.0,15.0,15.0,rmb_per_kg,unknown,,2026-06-27,材料价格.xlsx,Sheet1,51,100,0.95,TRUE,FALSE,
mp_s0052,steel,Nace718,Nace718,Nace718,nace718,镍合金,7.85,450.0,450.0,450.0,rmb_per_kg,unknown,,2026-06-27,材料价格.xlsx,Sheet1,53,100,0.95,TRUE,FALSE,
mp_s0058,steel,Ti-6Al-4V,Ti-6Al-4V,Ti-6Al-4V|TC4,ti-6al-4v|tc4,,4.5,500.0,500.0,500.0,rmb_per_kg,unknown,,2026-06-27,材料价格.xlsx,Sheet1,59,100,0.95,TRUE,FALSE,
mp_s0059,steel,Ti-2Al-1.5Mn,Ti-2Al-1.5Mn,Ti-2Al-1.5Mn|TC1,ti-2al-1.5mn|tc1,,4.5,500.0,500.0,500.0,rmb_per_kg,unknown,,2026-06-27,材料价格.xlsx,Sheet1,60,100,0.95,TRUE,FALSE,
mp_s0060,steel,Ti-4Al-1.5Mn,Ti-4Al-1.5Mn,Ti-4Al-1.5Mn|TC2,ti-4al-1.5mn|tc2,,4.5,500.0,500.0,500.0,rmb_per_kg,unknown,,2026-06-27,材料价格.xlsx,Sheet1,61,100,0.95,TRUE,FALSE,
mp_s0063,steel,904L,904L,904L|015Cr21Ni26Mo5Cu2|S31782|1.4539,904l|015cr21ni26mo5cu2|s31782|1.4539,不锈钢,8.0,40.0,40.0,40.0,rmb_per_kg,unknown,,2026-06-27,材料价格.xlsx,Sheet1,64,100,0.95,TRUE,FALSE,
mp_s0064,steel,65MU,65MU,65MU,65mu,弹簧钢,,15.0,15.0,15.0,rmb_per_kg,unknown,,2026-06-27,材料价格.xlsx,Sheet1,65,100,0.95,TRUE,FALSE,
mp_s0065,steel,H1,H1,H1,h1,钨钢棒,,1500.0,1500.0,1500.0,rmb_per_kg,unknown,,2026-06-27,材料价格.xlsx,Sheet1,66,100,0.95,TRUE,FALSE,
mp_s0066,steel,P20,P20,P20,p20,塑胶模具钢,,40.0,40.0,40.0,rmb_per_kg,unknown,,2026-06-27,材料价格.xlsx,Sheet1,67,100,0.95,TRUE,FALSE,
mp_s0067,steel,10Cr13,10Cr13,10Cr13|SUS 410|X12Cr 13|1.4006|X12Cr 13|410S21,10cr13|sus 410|x12cr 13|1.4006|x12cr 13|410s21,马氏体不锈钢,8.0,40.0,40.0,40.0,rmb_per_kg,unknown,,2026-06-27,材料价格.xlsx,Sheet1,68,100,0.95,TRUE,FALSE,
mp_s0068,steel,20Cr13,20Cr13,20Cr13|420J1|SUS 420J1|1.4021|X20Cr 13|420,20cr13|420j1|sus 420j1|1.4021|x20cr 13|420,马氏体不锈钢,8.0,40.0,40.0,40.0,rmb_per_kg,unknown,,2026-06-27,材料价格.xlsx,Sheet1,69,100,0.95,TRUE,FALSE,
mp_s0069,steel,30Cr13,30Cr13,30Cr13|S42030|X30Cr 13|1.4028|420S45|S42000,30cr13|s42030|x30cr 13|1.4028|420s45|s42000,马氏体不锈钢,8.0,40.0,40.0,40.0,rmb_per_kg,unknown,,2026-06-27,材料价格.xlsx,Sheet1,70,100,0.95,TRUE,FALSE,
mp_s0070,steel,40Cr13,40Cr13,40Cr13|S42040|X39Cr 13|1.4031|X38Cr 13|Z40C 14,40cr13|s42040|x39cr 13|1.4031|x38cr 13|z40c 14,马氏体不锈钢,8.0,40.0,40.0,40.0,rmb_per_kg,unknown,,2026-06-27,材料价格.xlsx,Sheet1,71,100,0.95,TRUE,FALSE,
mp_a0076,aluminum,6060,6060,6060|中等强度，耐腐蚀性能好,6060|中等强度，耐腐蚀性能好,中等强度，耐腐蚀性能好,2.8,45.0,45.0,45.0,rmb_per_kg,unknown,,2026-06-27,材料价格.xlsx,Sheet1,77,100,0.95,TRUE,FALSE,
mp_a0077,aluminum,6061,6061,6061|A1MgSiCu|A-GSUC|6061|中等强度，耐腐蚀性能好,6061|a1mgsicu|a-gsuc|6061|中等强度，耐腐蚀性能好,中等强度，耐腐蚀性能好,2.8,35.0,35.0,35.0,rmb_per_kg,unknown,,2026-06-27,材料价格.xlsx,Sheet1,78,100,0.95,TRUE,FALSE,
mp_a0078,aluminum,6061-T4,6061-T4,6061-T4,6061-t4,,2.8,40.0,40.0,40.0,rmb_per_kg,unknown,,2026-06-27,材料价格.xlsx,Sheet1,79,100,0.95,TRUE,FALSE,
mp_a0079,aluminum,6061-T5,6061-T5,6061-T5,6061-t5,,2.8,40.0,40.0,40.0,rmb_per_kg,unknown,,2026-06-27,材料价格.xlsx,Sheet1,80,100,0.95,TRUE,FALSE,
mp_a0080,aluminum,6061-T6,6061-T6,6061-T6|AlMg1SiCu|3.3211|3.1645|3.3547|热处理耐腐蚀性合金,6061-t6|almg1sicu|3.3211|3.1645|3.3547|热处理耐腐蚀性合金,热处理耐腐蚀性合金,2.8,38.0,38.0,38.0,rmb_per_kg,unknown,,2026-06-27,材料价格.xlsx,Sheet1,81,100,0.95,TRUE,FALSE,
mp_a0081,aluminum,6061-T651,6061-T651,6061-T651,6061-t651,,2.8,40.0,40.0,40.0,rmb_per_kg,unknown,,2026-06-27,材料价格.xlsx,Sheet1,82,100,0.95,TRUE,FALSE,
mp_a0082,aluminum,6063,6063,6063|A1MgSi0.5|A-GS|6063|1310,6063|a1mgsi0.5|a-gs|6063|1310,,2.8,40.0,40.0,40.0,rmb_per_kg,unknown,,2026-06-27,材料价格.xlsx,Sheet1,83,100,0.95,TRUE,FALSE,
mp_a0083,aluminum,6063-T6,6063-T6,6063-T6,6063-t6,,2.8,40.0,40.0,40.0,rmb_per_kg,unknown,,2026-06-27,材料价格.xlsx,Sheet1,84,100,0.95,TRUE,FALSE,
mp_a0084,aluminum,5052,5052,5052|A1Mg2|A-G2|2L.55|耐蚀性好，焊接性优良，冷加工性较好,5052|a1mg2|a-g2|2l.55|耐蚀性好，焊接性优良，冷加工性较好,耐蚀性好，焊接性优良，冷加工性较好,2.8,45.0,45.0,45.0,rmb_per_kg,unknown,,2026-06-27,材料价格.xlsx,Sheet1,85,100,0.95,TRUE,FALSE,
mp_a0085,aluminum,5053(日本进口),5053(日本进口),5053(日本进口)|AlMg2.5|3.3523,5053(日本进口)|almg2.5|3.3523,,2.8,60.0,60.0,60.0,rmb_per_kg,unknown,,2026-06-27,材料价格.xlsx,Sheet1,86,100,0.95,TRUE,FALSE,
mp_a0086,aluminum,5052-H32,5052-H32,5052-H32,5052-h32,,2.8,60.0,60.0,60.0,rmb_per_kg,unknown,,2026-06-27,材料价格.xlsx,Sheet1,87,100,0.95,TRUE,FALSE,
mp_a0087,aluminum,5056,5056,5056|AlMg5|A-G5|5056A,5056|almg5|a-g5|5056a,,2.8,60.0,60.0,60.0,rmb_per_kg,unknown,,2026-06-27,材料价格.xlsx,Sheet1,88,100,0.95,TRUE,FALSE,
mp_a0088,aluminum,5083,5083,5083|高镁合金,5083|高镁合金,高镁合金,2.8,40.0,40.0,40.0,rmb_per_kg,unknown,,2026-06-27,材料价格.xlsx,Sheet1,89,100,0.95,TRUE,FALSE,
mp_a0089,aluminum,MIC6,MIC6,MIC6|抗腐蚀性、抗氧化性好,mic6|抗腐蚀性、抗氧化性好,抗腐蚀性、抗氧化性好,2.8,50.0,50.0,50.0,rmb_per_kg,unknown,,2026-06-27,材料价格.xlsx,Sheet1,90,100,0.95,TRUE,FALSE,
mp_a0090,aluminum,5183,5183,"5183|AlMg4,5Mn","5183|almg4,5mn",,2.8,45.0,45.0,45.0,rmb_per_kg,unknown,,2026-06-27,材料价格.xlsx,Sheet1,91,100,0.95,TRUE,FALSE,
mp_a0091,aluminum,7075(国产),7075(国产),7075(国产)|AlZnMgCu0.5|AlZn5.5MgCu|3.4365/3.4345,7075(国产)|alznmgcu0.5|alzn5.5mgcu|3.4365/3.4345,,2.8,40.0,40.0,40.0,rmb_per_kg,unknown,,2026-06-27,材料价格.xlsx,Sheet1,92,100,0.95,TRUE,FALSE,
mp_a0092,aluminum,7075(进口),7075(进口),7075(进口)|AlZnMgCu0.5|AlZn5.5MgCu|AlZnMgCu1.5|3.4365/3.4345|普通抗腐蚀性能,7075(进口)|alznmgcu0.5|alzn5.5mgcu|alznmgcu1.5|3.4365/3.4345|普通抗腐蚀性能,普通抗腐蚀性能,2.85,80.0,80.0,80.0,rmb_per_kg,unknown,,2026-06-27,材料价格.xlsx,Sheet1,93,100,0.95,TRUE,FALSE,
mp_a0093,aluminum,7076-T6,7076-T6,7076-T6,7076-t6,,2.8,40.0,40.0,40.0,rmb_per_kg,unknown,,2026-06-27,材料价格.xlsx,Sheet1,94,100,0.95,TRUE,FALSE,
mp_a0094,aluminum,7A09,7A09,7A09|AlZnMgCu1.5|A-ZSGU|L95,7a09|alznmgcu1.5|a-zsgu|l95,,2.8,40.0,40.0,40.0,rmb_per_kg,unknown,,2026-06-27,材料价格.xlsx,Sheet1,95,100,0.95,TRUE,FALSE,
mp_a0095,aluminum,7075-t351,7075-t351,7075-t351,7075-t351,,2.8,50.0,50.0,50.0,rmb_per_kg,unknown,,2026-06-27,材料价格.xlsx,Sheet1,96,100,0.95,TRUE,FALSE,
mp_a0096,aluminum,ADC-12,ADC-12,ADC-12|YL113|383|压铸铝合金,adc-12|yl113|383|压铸铝合金,压铸铝合金,2.8,32.0,32.0,32.0,rmb_per_kg,unknown,,2026-06-27,材料价格.xlsx,Sheet1,97,100,0.95,TRUE,FALSE,
mp_a0097,aluminum,5A02,5A02,5A02|AlMg2.5|A-G2C|5251|1520,5a02|almg2.5|a-g2c|5251|1520,,2.8,35.0,35.0,35.0,rmb_per_kg,unknown,,2026-06-27,材料价格.xlsx,Sheet1,98,100,0.95,TRUE,FALSE,
mp_a0098,aluminum,1100,1100,1100|A199|A45|1200,1100|a199|a45|1200,,2.8,40.0,40.0,40.0,rmb_per_kg,unknown,,2026-06-27,材料价格.xlsx,Sheet1,99,100,0.95,TRUE,FALSE,
mp_a0099,aluminum,1060,1060,1060|A199.6|(AO),1060|a199.6|(ao),,2.8,30.0,30.0,30.0,rmb_per_kg,unknown,,2026-06-27,材料价格.xlsx,Sheet1,100,100,0.95,TRUE,FALSE,
mp_a0100,aluminum,2A50,2A50,2A50|3960,2a50|3960,,2.8,50.0,50.0,50.0,rmb_per_kg,unknown,,2026-06-27,材料价格.xlsx,Sheet1,101,100,0.95,TRUE,FALSE,
mp_a0101,aluminum,2A14,2A14,2A14|AlCuSiMn|A-U4SG|2014A|1380,2a14|alcusimn|a-u4sg|2014a|1380,,2.8,40.0,40.0,40.0,rmb_per_kg,unknown,,2026-06-27,材料价格.xlsx,Sheet1,102,100,0.95,TRUE,FALSE,
mp_a0102,aluminum,LD10,LD10,LD10|AK8|H15|3.1255,ld10|ak8|h15|3.1255,,2.8,40.0,40.0,40.0,rmb_per_kg,unknown,,2026-06-27,材料价格.xlsx,Sheet1,103,100,0.95,TRUE,FALSE,
mp_a0103,aluminum,2A12,2A12,2A12|AlCuMg2|A-U4SG1|GB-24S|1160|硬铝合金,2a12|alcumg2|a-u4sg1|gb-24s|1160|硬铝合金,硬铝合金,2.8,35.0,35.0,35.0,rmb_per_kg,unknown,,2026-06-27,材料价格.xlsx,Sheet1,104,100,0.95,TRUE,FALSE,
mp_a0104,aluminum,LY12,LY12,LY12|3.1355,ly12|3.1355,,2.8,35.0,35.0,35.0,rmb_per_kg,unknown,,2026-06-27,材料价格.xlsx,Sheet1,105,100,0.95,TRUE,FALSE,
mp_a0105,aluminum,2A11,2A11,2A11|AlCuMg1|A-U4G|H15|1110,2a11|alcumg1|a-u4g|h15|1110,,2.8,35.0,35.0,35.0,rmb_per_kg,unknown,,2026-06-27,材料价格.xlsx,Sheet1,106,100,0.95,TRUE,FALSE,
mp_a0106,aluminum,LY11,LY11,LY11|3.1325,ly11|3.1325,,2.8,35.0,35.0,35.0,rmb_per_kg,unknown,,2026-06-27,材料价格.xlsx,Sheet1,107,100,0.95,TRUE,FALSE,
mp_a0107,aluminum,3A21,3A21,3A21|AlMnCu|A-M1|3103|1400,3a21|almncu|a-m1|3103|1400,,2.8,35.0,35.0,35.0,rmb_per_kg,unknown,,2026-06-27,材料价格.xlsx,Sheet1,108,100,0.95,TRUE,FALSE,
mp_a0108,aluminum,LF21,LF21,LF21|N3|3.0515,lf21|n3|3.0515,,2.8,35.0,35.0,35.0,rmb_per_kg,unknown,,2026-06-27,材料价格.xlsx,Sheet1,109,100,0.95,TRUE,FALSE,
mp_a0109,aluminum,3003,3003,3003|AlMnCu|A-M1|3103,3003|almncu|a-m1|3103,,2.8,30.0,30.0,30.0,rmb_per_kg,unknown,,2026-06-27,材料价格.xlsx,Sheet1,110,100,0.95,TRUE,FALSE,
mp_a0110,aluminum,3004,3004,3004|A-M1G,3004|a-m1g,,2.8,40.0,40.0,40.0,rmb_per_kg,unknown,,2026-06-27,材料价格.xlsx,Sheet1,111,100,0.95,TRUE,FALSE,
mp_a0111,aluminum,4043,4043,4043|AlSi5|4043A,4043|alsi5|4043a,,2.8,40.0,40.0,40.0,rmb_per_kg,unknown,,2026-06-27,材料价格.xlsx,Sheet1,112,100,0.95,TRUE,FALSE,
mp_a0112,aluminum,LF2,LF2,LF2|AMr2|AN4|3.3523,lf2|amr2|an4|3.3523,,2.8,40.0,40.0,40.0,rmb_per_kg,unknown,,2026-06-27,材料价格.xlsx,Sheet1,113,100,0.95,TRUE,FALSE,
mp_a0113,aluminum,5A06,5A06,5A06|Al-Mg|1560|防锈铝,5a06|al-mg|1560|防锈铝,防锈铝,2.8,40.0,40.0,40.0,rmb_per_kg,unknown,,2026-06-27,材料价格.xlsx,Sheet1,114,100,0.95,TRUE,FALSE,
mp_a0114,aluminum,LF6,LF6,LF6|AMr6,lf6|amr6,,2.8,40.0,40.0,40.0,rmb_per_kg,unknown,,2026-06-27,材料价格.xlsx,Sheet1,115,100,0.95,TRUE,FALSE,
mp_a0115,aluminum,5086,5086,5086|A-G4MC,5086|a-g4mc,,2.8,35.0,35.0,35.0,rmb_per_kg,unknown,,2026-06-27,材料价格.xlsx,Sheet1,116,100,0.95,TRUE,FALSE,
mp_a0116,aluminum,LD30,LD30,LD30|H20|3.3211,ld30|h20|3.3211,,2.8,35.0,35.0,35.0,rmb_per_kg,unknown,,2026-06-27,材料价格.xlsx,Sheet1,117,100,0.95,TRUE,FALSE,
mp_a0117,aluminum,LD31,LD31,LD31|H19|3.3205,ld31|h19|3.3205,,2.8,35.0,35.0,35.0,rmb_per_kg,unknown,,2026-06-27,材料价格.xlsx,Sheet1,118,100,0.95,TRUE,FALSE,
mp_a0118,aluminum,6082,6082,6082|AlMgSi1|AlSiMgMn|3.2315,6082|almgsi1|alsimgmn|3.2315,,2.8,40.0,40.0,40.0,rmb_per_kg,unknown,,2026-06-27,材料价格.xlsx,Sheet1,119,100,0.95,TRUE,FALSE,
mp_a0119,aluminum,7A04,7A04,7A04|1950,7a04|1950,,2.8,40.0,40.0,40.0,rmb_per_kg,unknown,,2026-06-27,材料价格.xlsx,Sheet1,120,100,0.95,TRUE,FALSE,
mp_a0120,aluminum,LC4,LC4,LC4|B95,lc4|b95,,2.8,40.0,40.0,40.0,rmb_per_kg,unknown,,2026-06-27,材料价格.xlsx,Sheet1,121,100,0.95,TRUE,FALSE,
mp_a0121,aluminum,LC9,LC9,LC9|3.4365,lc9|3.4365,,2.8,40.0,40.0,40.0,rmb_per_kg,unknown,,2026-06-27,材料价格.xlsx,Sheet1,122,100,0.95,TRUE,FALSE,
mp_a0122,aluminum,QC-10,QC-10,QC-10,qc-10,,2.8,40.0,40.0,40.0,rmb_per_kg,unknown,,2026-06-27,材料价格.xlsx,Sheet1,123,100,0.95,TRUE,FALSE,
mp_a0123,aluminum,5754,5754,5754,5754,,2.8,40.0,40.0,40.0,rmb_per_kg,unknown,,2026-06-27,材料价格.xlsx,Sheet1,124,100,0.95,TRUE,FALSE,
mp_a0124,aluminum,AL7022,AL7022,AL7022|变形铝,al7022|变形铝,变形铝,2.8,40.0,40.0,40.0,rmb_per_kg,unknown,,2026-06-27,材料价格.xlsx,Sheet1,125,100,0.95,TRUE,FALSE,
mp_p0128,plastic,ABS,ABS 米黄 黑色,ABS|丙烯晴,abs,丙烯晴,1.1,30.0,22.0,30.0,rmb_per_kg,plate,,2026-06-27,材料价格.xlsx,Sheet1,129,100,0.9,TRUE,FALSE,
mp_p0129,plastic,ABS,ABS 阻燃白色,ABS|丙烯晴,abs,丙烯晴,1.15,75.0,68.0,75.0,rmb_per_kg,plate,,2026-06-27,材料价格.xlsx,Sheet1,130,100,0.9,TRUE,FALSE,
mp_p0130,plastic,PP,PP 白色 半透 黑色,PP|聚丙烯,pp,聚丙烯,0.96,33.0,26.0,33.0,rmb_per_kg,plate,,2026-06-27,材料价格.xlsx,Sheet1,131,100,0.9,TRUE,FALSE,
mp_p0131,plastic,PE,PE 白色 黑色蓝色,PE|聚乙烯,pe,聚乙烯,0.96,33.0,26.0,33.0,rmb_per_kg,plate,,2026-06-27,材料价格.xlsx,Sheet1,132,100,0.9,TRUE,FALSE,
mp_p0132,plastic,UPE,UPE 白色 黑色 绿色,UPE|超高分子量500万,upe,超高分子量500万,1.0,38.0,35.0,38.0,rmb_per_kg,plate,,2026-06-27,材料价格.xlsx,Sheet1,133,100,0.9,TRUE,FALSE,
mp_p0133,plastic,UPE,UPE 白色 黑色 绿色,UPE|超高分子量830万,upe,超高分子量830万,1.0,48.0,42.0,48.0,rmb_per_kg,plate,,2026-06-27,材料价格.xlsx,Sheet1,134,100,0.9,TRUE,FALSE,
mp_p0134,plastic,UPE,UPE 白色 黑色 绿色,UPE|超高分子量920万,upe,超高分子量920万,1.0,60.0,53.0,60.0,rmb_per_kg,plate,,2026-06-27,材料价格.xlsx,Sheet1,135,100,0.9,TRUE,FALSE,
mp_p0135,plastic,UPE,UPE 白色 黑色 绿色,UPE|超高分子量1050万,upe,超高分子量1050万,1.0,70.0,60.0,70.0,rmb_per_kg,plate,,2026-06-27,材料价格.xlsx,Sheet1,136,100,0.9,TRUE,FALSE,
mp_p0136,plastic,POM,POM 白红 黑黄 绿色,POM|赛钢,pom,赛钢,1.41,31.0,28.0,31.0,rmb_per_kg,plate,,2026-06-27,材料价格.xlsx,Sheet1,137,100,0.9,TRUE,FALSE,
mp_p0137,plastic,PU,PU 蛋黄 红色,PU|聚氨酯,pu,聚氨酯,1.5,nan,46.0,46.0,rmb_per_kg,plate,,2026-06-27,材料价格.xlsx,Sheet1,138,100,0.9,TRUE,FALSE,
mp_p0138,plastic,PC,PC 白色 透明,PC|聚碳酸酯,pc,聚碳酸酯,1.2,50.0,43.0,50.0,rmb_per_kg,plate,,2026-06-27,材料价格.xlsx,Sheet1,139,100,0.9,TRUE,FALSE,
mp_p0139,plastic,PA12,PA12 黑 白,PA12|尼龙,pa12,尼龙,1.2,56.0,50.0,56.0,rmb_per_kg,plate,,2026-06-27,材料价格.xlsx,Sheet1,140,100,0.9,TRUE,FALSE,
mp_p0140,plastic,PA46,PA46 棕色,PA46|尼龙,pa46,尼龙,1.2,nan,85.0,85.0,rmb_per_kg,plate,,2026-06-27,材料价格.xlsx,Sheet1,141,100,0.9,TRUE,FALSE,
mp_p0141,plastic,PA66,PA66 白黑蓝绿米黄色,PA66|尼龙,pa66,尼龙,1.2,43.0,38.0,43.0,rmb_per_kg,plate,,2026-06-27,材料价格.xlsx,Sheet1,142,100,0.9,TRUE,FALSE,
mp_p0142,plastic,MC,MC 米黄 黑色,MC|尼龙,mc,尼龙,1.2,43.0,38.0,43.0,rmb_per_kg,plate,,2026-06-27,材料价格.xlsx,Sheet1,143,100,0.9,TRUE,FALSE,
mp_p0143,plastic,PA66+GF,PA66+GF 黑色 米白,PA66+GF|尼龙加钎,pa66+gf,尼龙加钎,1.35,48.0,40.0,48.0,rmb_per_kg,plate,,2026-06-27,材料价格.xlsx,Sheet1,144,100,0.9,TRUE,FALSE,
mp_p0144,plastic,PET,PET 灰色 白色,PET|丁二醇酯,pet,丁二醇酯,1.55,45.0,40.0,45.0,rmb_per_kg,plate,,2026-06-27,材料价格.xlsx,Sheet1,145,100,0.9,TRUE,FALSE,
mp_p0145,plastic,PBT,PBT 白色黑色,PBT|聚对苯二甲酸,pbt,聚对苯二甲酸,1.55,55.0,46.0,55.0,rmb_per_kg,plate,,2026-06-27,材料价格.xlsx,Sheet1,146,100,0.9,TRUE,FALSE,
mp_p0146,plastic,PBT+GF30,PBT+GF30 白色黑色,PBT+GF30|聚对苯二甲酸,pbt+gf30,聚对苯二甲酸,1.65,55.0,48.0,55.0,rmb_per_kg,plate,,2026-06-27,材料价格.xlsx,Sheet1,147,100,0.9,TRUE,FALSE,
mp_p0147,plastic,PVC,PVC 深灰 浅灰,PVC|聚氯乙烯,pvc,聚氯乙烯,1.61,28.5,28.5,28.5,rmb_per_kg,plate,,2026-06-27,材料价格.xlsx,Sheet1,148,100,0.9,TRUE,FALSE,
mp_p0148,plastic,CPVC,CPVC 深灰 浅灰,CPVC|氯化聚氯乙烯,cpvc,氯化聚氯乙烯,1.61,45.0,38.0,45.0,rmb_per_kg,plate,,2026-06-27,材料价格.xlsx,Sheet1,149,100,0.9,TRUE,FALSE,
mp_p0149,plastic,PMMA,PMMA 透明,PMMA|亚克力 有机板,pmma,亚克力 有机板,1.2,45.0,40.0,45.0,rmb_per_kg,plate,,2026-06-27,材料价格.xlsx,Sheet1,150,100,0.9,TRUE,FALSE,
mp_p0150,plastic,PEI,PEI 琥珀色,PEI|聚醚洗亚胺,pei,聚醚洗亚胺,1.2,480.0,420.0,480.0,rmb_per_kg,plate,,2026-06-27,材料价格.xlsx,Sheet1,151,100,0.9,TRUE,FALSE,
mp_p0151,plastic,PEI,PEI 黑色,PEI|聚醚洗亚胺,pei,聚醚洗亚胺,1.2,430.0,360.0,430.0,rmb_per_kg,plate,,2026-06-27,材料价格.xlsx,Sheet1,152,100,0.9,TRUE,FALSE,
mp_p0152,plastic,PEI,PEI 米黄,PEI|聚醚洗亚胺,pei,聚醚洗亚胺,1.2,350.0,280.0,350.0,rmb_per_kg,plate,,2026-06-27,材料价格.xlsx,Sheet1,153,100,0.9,TRUE,FALSE,
mp_p0153,plastic,PSU,PSU 琥珀色,PSU|聚砜,psu,聚砜,1.24,300.0,260.0,300.0,rmb_per_kg,plate,,2026-06-27,材料价格.xlsx,Sheet1,154,100,0.9,TRUE,FALSE,
mp_p0154,plastic,PES,PES 琥珀色,PES|砜聚龙,pes,砜聚龙,1.37,300.0,260.0,300.0,rmb_per_kg,plate,,2026-06-27,材料价格.xlsx,Sheet1,155,100,0.9,TRUE,FALSE,
mp_p0155,plastic,PPSU,PPSU 白 米黄 黑色,PPSU|高性能聚合物,ppsu,高性能聚合物,1.25,260.0,200.0,260.0,rmb_per_kg,plate,,2026-06-27,材料价格.xlsx,Sheet1,156,100,0.9,TRUE,FALSE,
mp_p0156,plastic,POM+PTFE,POM+PTFE 棕色,POM+PTFE|赛钢+铁氟龙,pom+ptfe,赛钢+铁氟龙,1.65,72.0,65.0,72.0,rmb_per_kg,plate,,2026-06-27,材料价格.xlsx,Sheet1,157,100,0.9,TRUE,FALSE,
mp_p0157,plastic,PPS,PPS 白色 黑色,PPS|聚苯硫醚,pps,聚苯硫醚,1.37,450.0,380.0,450.0,rmb_per_kg,plate,,2026-06-27,材料价格.xlsx,Sheet1,158,100,0.9,TRUE,FALSE,
mp_p0158,plastic,PPS+GF,PPS+GF 白色 黑色,PPS+GF|聚苯硫醚,pps+gf,聚苯硫醚,1.37,450.0,360.0,450.0,rmb_per_kg,plate,,2026-06-27,材料价格.xlsx,Sheet1,159,100,0.9,TRUE,FALSE,
mp_p0159,plastic,PEEK,PEEK 瓷白白色,PEEK|聚醚醚酮,peek,聚醚醚酮,1.35,820.0,750.0,820.0,rmb_per_kg,plate,,2026-06-27,材料价格.xlsx,Sheet1,160,100,0.9,TRUE,FALSE,
mp_p0160,plastic,PEEK,PEEK 黑色,PEEK|聚醚醚酮,peek,聚醚醚酮,1.35,820.0,750.0,820.0,rmb_per_kg,plate,,2026-06-27,材料价格.xlsx,Sheet1,161,100,0.9,TRUE,FALSE,
mp_p0161,plastic,PEEK,PEEK 红色,PEEK|聚醚醚酮,peek,聚醚醚酮,1.35,700.0,630.0,700.0,rmb_per_kg,plate,,2026-06-27,材料价格.xlsx,Sheet1,162,100,0.9,TRUE,FALSE,
mp_p0162,plastic,PEEK,PEEK 蓝色 黄色,PEEK|聚醚醚酮,peek,聚醚醚酮,1.35,700.0,630.0,700.0,rmb_per_kg,plate,,2026-06-27,材料价格.xlsx,Sheet1,163,100,0.9,TRUE,FALSE,
mp_p0163,plastic,PEEK,PEEK 灰色米黄,PEEK|聚醚醚酮,peek,聚醚醚酮,1.35,830.0,780.0,830.0,rmb_per_kg,plate,,2026-06-27,材料价格.xlsx,Sheet1,164,100,0.9,TRUE,FALSE,
mp_p0164,plastic,PEEK(名牌：KETRON100),PEEK(名牌：KETRON100),PEEK(名牌：KETRON100)|聚醚醚酮,peek(名牌：ketron100),聚醚醚酮,1.32,1000.0,nan,nan,rmb_per_kg,plate,,2026-06-27,材料价格.xlsx,Sheet1,165,100,0.9,TRUE,FALSE,
mp_p0165,plastic,电木,电木 棕红 黑色 黄色,电木,电木,,2.0,38.0,33.0,38.0,rmb_per_kg,plate,,2026-06-27,材料价格.xlsx,Sheet1,166,100,0.9,TRUE,FALSE,
mp_p0166,plastic,PBI,PBI 黑色,PBI|聚苯并咪唑,pbi,聚苯并咪唑,1.3,nan,4200.0,4200.0,rmb_per_kg,plate,,2026-06-27,材料价格.xlsx,Sheet1,167,100,0.9,TRUE,FALSE,
mp_p0167,plastic,PAI,PAI 黑 墨绿 蛋黄,PAI|酰胺基新型料,pai,酰胺基新型料,1.41,nan,3800.0,3800.0,rmb_per_kg,plate,,2026-06-27,材料价格.xlsx,Sheet1,168,100,0.9,TRUE,FALSE,
mp_p0168,plastic,PI,PI 棕色 黑色,PI|聚酰亚胺,pi,聚酰亚胺,1.43,nan,13000.0,13000.0,rmb_per_kg,plate,,2026-06-27,材料价格.xlsx,Sheet1,169,100,0.9,TRUE,FALSE,
mp_p0169,plastic,PFA,PFA 乳白,PFA|偏一氟,pfa,偏一氟,2.3,1100.0,960.0,1100.0,rmb_per_kg,plate,,2026-06-27,材料价格.xlsx,Sheet1,170,100,0.9,TRUE,FALSE,
mp_p0170,plastic,PVDF,PVDF 白色,PVDF|偏二氟,pvdf,偏二氟,1.78,330.0,280.0,330.0,rmb_per_kg,plate,,2026-06-27,材料价格.xlsx,Sheet1,171,100,0.9,TRUE,FALSE,
mp_p0171,plastic,PCTFE,PCTFE 半透,PCTFE|偏三氟,pctfe,偏三氟,2.3,1100.0,960.0,1100.0,rmb_per_kg,plate,,2026-06-27,材料价格.xlsx,Sheet1,172,100,0.9,TRUE,FALSE,
mp_p0172,plastic,PTFE,PTFE 白色 黑色,PTFE|偏四氟,ptfe,偏四氟,2.3,100.0,90.0,100.0,rmb_per_kg,plate,,2026-06-27,材料价格.xlsx,Sheet1,173,100,0.9,TRUE,FALSE,
mp_p0173,plastic,TORLON 4275,TORLON 4275 黑色,TORLON 4275|聚酰胺 - 酰亚胺,torlon 4275,聚酰胺 - 酰亚胺,1.5,3800.0,nan,nan,rmb_per_kg,plate,,2026-06-27,材料价格.xlsx,Sheet1,174,100,0.9,TRUE,FALSE,
