alias,material_base_norm,material_grade_norm,confidence,source_file,source_row,review_required,review_reason
SUS304,SUS304,SUS304,0.95,材料价格.xlsx,3,FALSE,
0Cr19Ni9,SUS304,SUS304,0.95,材料价格.xlsx,3,FALSE,
X5CrNi18-10,SUS304,SUS304,0.95,材料价格.xlsx,3,FALSE,
1.4301,SUS304,SUS304,0.95,材料价格.xlsx,3,FALSE,
SUS303,SUS303,SUS303,0.95,材料价格.xlsx,4,FALSE,
Y1Cr18Ni9,SUS303,SUS303,0.95,材料价格.xlsx,4,FALSE,
X8CrNiSi18-9,SUS303,SUS303,0.95,材料价格.xlsx,4,FALSE,
1.4305,SUS303,SUS303,0.95,材料价格.xlsx,4,FALSE,
45#,45#,45#,0.95,材料价格.xlsx,5,FALSE,
C45,45#,45#,0.95,材料价格.xlsx,5,FALSE,
S45C,45#,45#,0.95,材料价格.xlsx,5,FALSE,
1.1191,45#,45#,0.95,材料价格.xlsx,5,FALSE,
080A47,45#,45#,0.95,材料价格.xlsx,5,FALSE,
080M46,45#,45#,0.95,材料价格.xlsx,5,FALSE,
XC45,45#,45#,0.95,材料价格.xlsx,5,FALSE,
Cr12,Cr12,Cr12,0.95,材料价格.xlsx,6,FALSE,
X210Cr12,Cr12,Cr12,0.95,材料价格.xlsx,6,FALSE,
SKD1,Cr12,Cr12,0.95,材料价格.xlsx,6,FALSE,
1.208,Cr12,Cr12,0.95,材料价格.xlsx,6,FALSE,
210Cr12,Cr12,Cr12,0.95,材料价格.xlsx,6,FALSE,
BD3,Cr12,Cr12,0.95,材料价格.xlsx,6,FALSE,
Cr12MoV,Cr12MoV,Cr12MoV,0.95,材料价格.xlsx,7,FALSE,
90MnCrV 8,Cr12MoV,Cr12MoV,0.95,材料价格.xlsx,7,FALSE,
X165CrMoV12,Cr12MoV,Cr12MoV,0.95,材料价格.xlsx,7,FALSE,
1.2601,Cr12MoV,Cr12MoV,0.95,材料价格.xlsx,7,FALSE,
SKD11,Cr12MoV,Cr12MoV,0.95,材料价格.xlsx,7,FALSE,
2310,Cr12MoV,Cr12MoV,0.95,材料价格.xlsx,7,FALSE,
D2,Cr12MoV,Cr12MoV,0.95,材料价格.xlsx,7,FALSE,
Q235,Q235,Q235,0.95,材料价格.xlsx,8,FALSE,
S235JR,Q235,Q235,0.95,材料价格.xlsx,8,FALSE,
SS400,Q235,Q235,0.95,材料价格.xlsx,8,FALSE,
1.0037,Q235,Q235,0.95,材料价格.xlsx,8,FALSE,
SS41,Q235,Q235,0.95,材料价格.xlsx,8,FALSE,
Fe360A,Q235,Q235,0.95,材料价格.xlsx,8,FALSE,
ST-52,Q235,Q235,0.95,材料价格.xlsx,8,FALSE,
50#钢,50#钢,50#钢,0.95,材料价格.xlsx,9,FALSE,
C50E4,50#钢,50#钢,0.95,材料价格.xlsx,9,FALSE,
S50C,50#钢,50#钢,0.95,材料价格.xlsx,9,FALSE,
1.121,50#钢,50#钢,0.95,材料价格.xlsx,9,FALSE,
1050,50#钢,50#钢,0.95,材料价格.xlsx,9,FALSE,
060A52,50#钢,50#钢,0.95,材料价格.xlsx,9,FALSE,
40Cr,40Cr,40Cr,0.95,材料价格.xlsx,10,FALSE,
5140,40Cr,40Cr,0.95,材料价格.xlsx,10,FALSE,
41Cr4,40Cr,40Cr,0.95,材料价格.xlsx,10,FALSE,
1.7035,40Cr,40Cr,0.95,材料价格.xlsx,10,FALSE,
SCr440,40Cr,40Cr,0.95,材料价格.xlsx,10,FALSE,
4140,4140,4140,0.95,材料价格.xlsx,11,FALSE,
42CrMo,4140,4140,0.95,材料价格.xlsx,11,FALSE,
SCM440,4140,4140,0.95,材料价格.xlsx,11,FALSE,
1.7225,4140,4140,0.95,材料价格.xlsx,11,FALSE,
4142,4142,4142,0.95,材料价格.xlsx,13,FALSE,
42CrMnMo,4142,4142,0.95,材料价格.xlsx,13,FALSE,
17-4PH,17-4PH,17-4PH,0.95,材料价格.xlsx,14,FALSE,
0Cr17Ni14Cu4Nb,17-4PH,17-4PH,0.95,材料价格.xlsx,14,FALSE,
SUS630,17-4PH,17-4PH,0.95,材料价格.xlsx,14,FALSE,
1.4542,17-4PH,17-4PH,0.95,材料价格.xlsx,14,FALSE,
X5CrNiCuNb16-4,17-4PH,17-4PH,0.95,材料价格.xlsx,14,FALSE,
SUS316,SUS316,SUS316,0.95,材料价格.xlsx,15,FALSE,
0Cr17Ni12Mo2,SUS316,SUS316,0.95,材料价格.xlsx,15,FALSE,
X5CrNiMo17-12-2,SUS316,SUS316,0.95,材料价格.xlsx,15,FALSE,
1.4401,SUS316,SUS316,0.95,材料价格.xlsx,15,FALSE,
SUS316L,SUS316L,SUS316L,0.95,材料价格.xlsx,16,FALSE,
00Cr17Ni14Mo2,SUS316L,SUS316L,0.95,材料价格.xlsx,16,FALSE,
1.4435,SUS316L,SUS316L,0.95,材料价格.xlsx,16,FALSE,
1.4404,SUS316L,SUS316L,0.95,材料价格.xlsx,16,FALSE,
S275,S275,S275,0.95,材料价格.xlsx,17,FALSE,
12Cr17Ni7,S275,S275,0.95,材料价格.xlsx,17,FALSE,
SUS321,SUS321,SUS321,0.95,材料价格.xlsx,18,FALSE,
1Cr18Ni9Ti,SUS321,SUS321,0.95,材料价格.xlsx,18,FALSE,
1.4878,SUS321,SUS321,0.95,材料价格.xlsx,18,FALSE,
440C,440C,440C,0.95,材料价格.xlsx,19,FALSE,
11Cr17,440C,440C,0.95,材料价格.xlsx,19,FALSE,
9Cr18,440C,440C,0.95,材料价格.xlsx,19,FALSE,
1.4112,440C,440C,0.95,材料价格.xlsx,19,FALSE,
X90CrMoV18,440C,440C,0.95,材料价格.xlsx,19,FALSE,
SS314,SS314,SS314,0.95,材料价格.xlsx,20,FALSE,
00Cr22Ni5Mo3N,SS314,SS314,0.95,材料价格.xlsx,20,FALSE,
SUS420J2,SUS420J2,SUS420J2,0.95,材料价格.xlsx,21,FALSE,
3Cr13,SUS420J2,SUS420J2,0.95,材料价格.xlsx,21,FALSE,
X30Cr13,SUS420J2,SUS420J2,0.95,材料价格.xlsx,21,FALSE,
1.4028,SUS420J2,SUS420J2,0.95,材料价格.xlsx,21,FALSE,
1.2083,SUS420J2,SUS420J2,0.95,材料价格.xlsx,21,FALSE,
S136,SUS420J2,SUS420J2,0.95,材料价格.xlsx,21,FALSE,
M310,SUS420J2,SUS420J2,0.95,材料价格.xlsx,21,FALSE,
SUS430,SUS430,SUS430,0.95,材料价格.xlsx,22,FALSE,
Y1Cr17,SUS430,SUS430,0.95,材料价格.xlsx,22,FALSE,
X12CrMoS17,SUS430,SUS430,0.95,材料价格.xlsx,22,FALSE,
1.4104,SUS430,SUS430,0.95,材料价格.xlsx,22,FALSE,
430F,430F,430F,0.95,材料价格.xlsx,23,FALSE,
SUS431,SUS431,SUS431,0.95,材料价格.xlsx,24,FALSE,
1Cr17Ni2,SUS431,SUS431,0.95,材料价格.xlsx,24,FALSE,
16MnCr5,16MnCr5,16MnCr5,0.95,材料价格.xlsx,25,FALSE,
16CrMnH,16MnCr5,16MnCr5,0.95,材料价格.xlsx,25,FALSE,
20Crmo,20Crmo,20Crmo,0.95,材料价格.xlsx,26,FALSE,
20CrMnTi,20Crmo,20Crmo,0.95,材料价格.xlsx,26,FALSE,
20Cr,20Crmo,20Crmo,0.95,材料价格.xlsx,26,FALSE,
20MV,20Crmo,20Crmo,0.95,材料价格.xlsx,26,FALSE,
20Mn2,20Crmo,20Crmo,0.95,材料价格.xlsx,26,FALSE,
20CrNi,20Crmo,20Crmo,0.95,材料价格.xlsx,26,FALSE,
30CRMO,30CRMO,30CRMO,0.95,材料价格.xlsx,27,FALSE,
35crmo,30CRMO,30CRMO,0.95,材料价格.xlsx,27,FALSE,
35NCD6,35NCD6,35NCD6,0.95,材料价格.xlsx,28,FALSE,
35NiCrMo16,35NCD6,35NCD6,0.95,材料价格.xlsx,28,FALSE,
38CrMoAL,38CrMoAL,38CrMoAL,0.95,材料价格.xlsx,29,FALSE,
41CrAlMo7,38CrMoAL,38CrMoAL,0.95,材料价格.xlsx,29,FALSE,
1.8509,38CrMoAL,38CrMoAL,0.95,材料价格.xlsx,29,FALSE,
41CrAlMo74,38CrMoAL,38CrMoAL,0.95,材料价格.xlsx,29,FALSE,
60Si2Mn,60Si2Mn,60Si2Mn,0.95,材料价格.xlsx,30,FALSE,
61SiCr7,60Si2Mn,60Si2Mn,0.95,材料价格.xlsx,30,FALSE,
25II60,60Si2Mn,60Si2Mn,0.95,材料价格.xlsx,30,FALSE,
SUP7,60Si2Mn,60Si2Mn,0.95,材料价格.xlsx,30,FALSE,
9CrWMn,9CrWMn,9CrWMn,0.95,材料价格.xlsx,31,FALSE,
100MnCrW4,9CrWMn,9CrWMn,0.95,材料价格.xlsx,31,FALSE,
1.2510,9CrWMn,9CrWMn,0.95,材料价格.xlsx,31,FALSE,
SKS3,9CrWMn,9CrWMn,0.95,材料价格.xlsx,31,FALSE,
95MnWCr1,9CrWMn,9CrWMn,0.95,材料价格.xlsx,31,FALSE,
9Mn2V,9Mn2V,9Mn2V,0.95,材料价格.xlsx,32,FALSE,
1.2842,9Mn2V,9Mn2V,0.95,材料价格.xlsx,32,FALSE,
AISI M41,AISI M41,AISI M41,0.95,材料价格.xlsx,33,FALSE,
W7Mo4Cr4V2Co5,AISI M41,AISI M41,0.95,材料价格.xlsx,33,FALSE,
T11341,AISI M41,AISI M41,0.95,材料价格.xlsx,33,FALSE,
HS2-9-1-8,AISI M41,AISI M41,0.95,材料价格.xlsx,33,FALSE,
HS7-4-2-5,AISI M41,AISI M41,0.95,材料价格.xlsx,33,FALSE,
S74-2-51.3246,AISI M41,AISI M41,0.95,材料价格.xlsx,33,FALSE,
C1018,C1018,C1018,0.95,材料价格.xlsx,34,FALSE,
16Mn,C1018,C1018,0.95,材料价格.xlsx,34,FALSE,
120Mn,C1018,C1018,0.95,材料价格.xlsx,34,FALSE,
GCr15,GCr15,GCr15,0.95,材料价格.xlsx,35,FALSE,
SUJ2,GCr15,GCr15,0.95,材料价格.xlsx,35,FALSE,
1.2067,GCr15,GCr15,0.95,材料价格.xlsx,35,FALSE,
100Cr2,GCr15,GCr15,0.95,材料价格.xlsx,35,FALSE,
P20,P20,P20,0.95,材料价格.xlsx,36,FALSE,
3Cr2Mo,P20,P20,0.95,材料价格.xlsx,36,FALSE,
35CrMo2,P20,P20,0.95,材料价格.xlsx,36,FALSE,
Q195,Q195,Q195,0.95,材料价格.xlsx,37,FALSE,
SS330,Q195,Q195,0.95,材料价格.xlsx,37,FALSE,
St33,Q195,Q195,0.95,材料价格.xlsx,37,FALSE,
040A10,Q195,Q195,0.95,材料价格.xlsx,37,FALSE,
A33,Q195,Q195,0.95,材料价格.xlsx,37,FALSE,
S7,S7,S7,0.95,材料价格.xlsx,38,FALSE,
5Cr3Mn1SiM01V,S7,S7,0.95,材料价格.xlsx,38,FALSE,
SK5,SK5,SK5,0.95,材料价格.xlsx,39,FALSE,
T8Mn,SK5,SK5,0.95,材料价格.xlsx,39,FALSE,
C85W,SK5,SK5,0.95,材料价格.xlsx,39,FALSE,
060A81,SK5,SK5,0.95,材料价格.xlsx,39,FALSE,
Y75,SK5,SK5,0.95,材料价格.xlsx,39,FALSE,
1.251,SKS3,SKS3,0.95,材料价格.xlsx,40,FALSE,
B01,SKS3,SKS3,0.95,材料价格.xlsx,40,FALSE,
Cr12Mo1V1,D2,D2,0.95,材料价格.xlsx,41,FALSE,
X155CrMoV12-1,D2,D2,0.95,材料价格.xlsx,41,FALSE,
1.2379,D2,D2,0.95,材料价格.xlsx,41,FALSE,
XW-42,D2,D2,0.95,材料价格.xlsx,41,FALSE,
160CrMoV12,D2,D2,0.95,材料价格.xlsx,41,FALSE,
Cr12Mo1V,SKD11,SKD11,0.95,材料价格.xlsx,42,FALSE,
SKD61,SKD61,SKD61,0.95,材料价格.xlsx,43,FALSE,
STD61,SKD61,SKD61,0.95,材料价格.xlsx,43,FALSE,
4Cr5MoSiV1,SKD61,SKD61,0.95,材料价格.xlsx,43,FALSE,
SKH-51,SKH-51,SKH-51,0.95,材料价格.xlsx,44,FALSE,
1.3343,SKH-51,SKH-51,0.95,材料价格.xlsx,44,FALSE,
M2,SKH-51,SKH-51,0.95,材料价格.xlsx,44,FALSE,
W6Mo5Cr4V2,SKH-51,SKH-51,0.95,材料价格.xlsx,44,FALSE,
O1,O1,O1,0.95,材料价格.xlsx,45,FALSE,
12L14,12L14,12L14,0.95,材料价格.xlsx,46,FALSE,
44SMNPB28,44SMNPB28,44SMNPB28,0.95,材料价格.xlsx,47,FALSE,
9smn28k,9smn28k,9smn28k,0.95,材料价格.xlsx,48,FALSE,
S10C,S10C,S10C,0.95,材料价格.xlsx,49,FALSE,
EN8,EN8,EN8,0.95,材料价格.xlsx,50,FALSE,
EN24,EN24,EN24,0.95,材料价格.xlsx,51,FALSE,
Nace718,Nace718,Nace718,0.95,材料价格.xlsx,53,FALSE,
Ti-6Al-4V,Ti-6Al-4V,Ti-6Al-4V,0.95,材料价格.xlsx,59,FALSE,
TC4,Ti-6Al-4V,Ti-6Al-4V,0.95,材料价格.xlsx,59,FALSE,
Ti-2Al-1.5Mn,Ti-2Al-1.5Mn,Ti-2Al-1.5Mn,0.95,材料价格.xlsx,60,FALSE,
TC1,Ti-2Al-1.5Mn,Ti-2Al-1.5Mn,0.95,材料价格.xlsx,60,FALSE,
Ti-4Al-1.5Mn,Ti-4Al-1.5Mn,Ti-4Al-1.5Mn,0.95,材料价格.xlsx,61,FALSE,
TC2,Ti-4Al-1.5Mn,Ti-4Al-1.5Mn,0.95,材料价格.xlsx,61,FALSE,
904L,904L,904L,0.95,材料价格.xlsx,64,FALSE,
015Cr21Ni26Mo5Cu2,904L,904L,0.95,材料价格.xlsx,64,FALSE,
S31782,904L,904L,0.95,材料价格.xlsx,64,FALSE,
1.4539,904L,904L,0.95,材料价格.xlsx,64,FALSE,
65MU,65MU,65MU,0.95,材料价格.xlsx,65,FALSE,
H1,H1,H1,0.95,材料价格.xlsx,66,FALSE,
10Cr13,10Cr13,10Cr13,0.95,材料价格.xlsx,68,FALSE,
SUS 410,10Cr13,10Cr13,0.95,材料价格.xlsx,68,FALSE,
X12Cr 13,10Cr13,10Cr13,0.95,材料价格.xlsx,68,FALSE,
1.4006,10Cr13,10Cr13,0.95,材料价格.xlsx,68,FALSE,
410S21,10Cr13,10Cr13,0.95,材料价格.xlsx,68,FALSE,
20Cr13,20Cr13,20Cr13,0.95,材料价格.xlsx,69,FALSE,
420J1,20Cr13,20Cr13,0.95,材料价格.xlsx,69,FALSE,
SUS 420J1,20Cr13,20Cr13,0.95,材料价格.xlsx,69,FALSE,
1.4021,20Cr13,20Cr13,0.95,材料价格.xlsx,69,FALSE,
X20Cr 13,20Cr13,20Cr13,0.95,材料价格.xlsx,69,FALSE,
420,20Cr13,20Cr13,0.95,材料价格.xlsx,69,FALSE,
30Cr13,30Cr13,30Cr13,0.95,材料价格.xlsx,70,FALSE,
S42030,30Cr13,30Cr13,0.95,材料价格.xlsx,70,FALSE,
X30Cr 13,30Cr13,30Cr13,0.95,材料价格.xlsx,70,FALSE,
420S45,30Cr13,30Cr13,0.95,材料价格.xlsx,70,FALSE,
S42000,30Cr13,30Cr13,0.95,材料价格.xlsx,70,FALSE,
40Cr13,40Cr13,40Cr13,0.95,材料价格.xlsx,71,FALSE,
S42040,40Cr13,40Cr13,0.95,材料价格.xlsx,71,FALSE,
X39Cr 13,40Cr13,40Cr13,0.95,材料价格.xlsx,71,FALSE,
1.4031,40Cr13,40Cr13,0.95,材料价格.xlsx,71,FALSE,
X38Cr 13,40Cr13,40Cr13,0.95,材料价格.xlsx,71,FALSE,
Z40C 14,40Cr13,40Cr13,0.95,材料价格.xlsx,71,FALSE,
6060,6060,6060,0.95,材料价格.xlsx,77,FALSE,
中等强度，耐腐蚀性能好,6060,6060,0.95,材料价格.xlsx,77,FALSE,
6061,6061,6061,0.95,材料价格.xlsx,78,FALSE,
A1MgSiCu,6061,6061,0.95,材料价格.xlsx,78,FALSE,
A-GSUC,6061,6061,0.95,材料价格.xlsx,78,FALSE,
6061-T4,6061-T4,6061-T4,0.95,材料价格.xlsx,79,FALSE,
6061-T5,6061-T5,6061-T5,0.95,材料价格.xlsx,80,FALSE,
6061-T6,6061-T6,6061-T6,0.95,材料价格.xlsx,81,FALSE,
AlMg1SiCu,6061-T6,6061-T6,0.95,材料价格.xlsx,81,FALSE,
3.3211,6061-T6,6061-T6,0.95,材料价格.xlsx,81,FALSE,
3.1645,6061-T6,6061-T6,0.95,材料价格.xlsx,81,FALSE,
3.3547,6061-T6,6061-T6,0.95,材料价格.xlsx,81,FALSE,
热处理耐腐蚀性合金,6061-T6,6061-T6,0.95,材料价格.xlsx,81,FALSE,
6061-T651,6061-T651,6061-T651,0.95,材料价格.xlsx,82,FALSE,
6063,6063,6063,0.95,材料价格.xlsx,83,FALSE,
A1MgSi0.5,6063,6063,0.95,材料价格.xlsx,83,FALSE,
A-GS,6063,6063,0.95,材料价格.xlsx,83,FALSE,
1310,6063,6063,0.95,材料价格.xlsx,83,FALSE,
6063-T6,6063-T6,6063-T6,0.95,材料价格.xlsx,84,FALSE,
5052,5052,5052,0.95,材料价格.xlsx,85,FALSE,
A1Mg2,5052,5052,0.95,材料价格.xlsx,85,FALSE,
A-G2,5052,5052,0.95,材料价格.xlsx,85,FALSE,
2L.55,5052,5052,0.95,材料价格.xlsx,85,FALSE,
耐蚀性好，焊接性优良，冷加工性较好,5052,5052,0.95,材料价格.xlsx,85,FALSE,
5053(日本进口),5053(日本进口),5053(日本进口),0.95,材料价格.xlsx,86,FALSE,
AlMg2.5,5053(日本进口),5053(日本进口),0.95,材料价格.xlsx,86,FALSE,
3.3523,5053(日本进口),5053(日本进口),0.95,材料价格.xlsx,86,FALSE,
5052-H32,5052-H32,5052-H32,0.95,材料价格.xlsx,87,FALSE,
5056,5056,5056,0.95,材料价格.xlsx,88,FALSE,
AlMg5,5056,5056,0.95,材料价格.xlsx,88,FALSE,
A-G5,5056,5056,0.95,材料价格.xlsx,88,FALSE,
5056A,5056,5056,0.95,材料价格.xlsx,88,FALSE,
5083,5083,5083,0.95,材料价格.xlsx,89,FALSE,
高镁合金,5083,5083,0.95,材料价格.xlsx,89,FALSE,
MIC6,MIC6,MIC6,0.95,材料价格.xlsx,90,FALSE,
抗腐蚀性、抗氧化性好,MIC6,MIC6,0.95,材料价格.xlsx,90,FALSE,
5183,5183,5183,0.95,材料价格.xlsx,91,FALSE,
"AlMg4,5Mn",5183,5183,0.95,材料价格.xlsx,91,FALSE,
7075(国产),7075(国产),7075(国产),0.95,材料价格.xlsx,92,FALSE,
AlZnMgCu0.5,7075(国产),7075(国产),0.95,材料价格.xlsx,92,FALSE,
AlZn5.5MgCu,7075(国产),7075(国产),0.95,材料价格.xlsx,92,FALSE,
3.4365/3.4345,7075(国产),7075(国产),0.95,材料价格.xlsx,92,FALSE,
7075(进口),7075(进口),7075(进口),0.95,材料价格.xlsx,93,FALSE,
AlZnMgCu1.5,7075(进口),7075(进口),0.95,材料价格.xlsx,93,FALSE,
普通抗腐蚀性能,7075(进口),7075(进口),0.95,材料价格.xlsx,93,FALSE,
7076-T6,7076-T6,7076-T6,0.95,材料价格.xlsx,94,FALSE,
7A09,7A09,7A09,0.95,材料价格.xlsx,95,FALSE,
A-ZSGU,7A09,7A09,0.95,材料价格.xlsx,95,FALSE,
L95,7A09,7A09,0.95,材料价格.xlsx,95,FALSE,
7075-t351,7075-t351,7075-t351,0.95,材料价格.xlsx,96,FALSE,
ADC-12,ADC-12,ADC-12,0.95,材料价格.xlsx,97,FALSE,
YL113,ADC-12,ADC-12,0.95,材料价格.xlsx,97,FALSE,
383,ADC-12,ADC-12,0.95,材料价格.xlsx,97,FALSE,
压铸铝合金,ADC-12,ADC-12,0.95,材料价格.xlsx,97,FALSE,
5A02,5A02,5A02,0.95,材料价格.xlsx,98,FALSE,
A-G2C,5A02,5A02,0.95,材料价格.xlsx,98,FALSE,
5251,5A02,5A02,0.95,材料价格.xlsx,98,FALSE,
1520,5A02,5A02,0.95,材料价格.xlsx,98,FALSE,
1100,1100,1100,0.95,材料价格.xlsx,99,FALSE,
A199,1100,1100,0.95,材料价格.xlsx,99,FALSE,
A45,1100,1100,0.95,材料价格.xlsx,99,FALSE,
1200,1100,1100,0.95,材料价格.xlsx,99,FALSE,
1060,1060,1060,0.95,材料价格.xlsx,100,FALSE,
A199.6,1060,1060,0.95,材料价格.xlsx,100,FALSE,
(AO),1060,1060,0.95,材料价格.xlsx,100,FALSE,
2A50,2A50,2A50,0.95,材料价格.xlsx,101,FALSE,
3960,2A50,2A50,0.95,材料价格.xlsx,101,FALSE,
2A14,2A14,2A14,0.95,材料价格.xlsx,102,FALSE,
AlCuSiMn,2A14,2A14,0.95,材料价格.xlsx,102,FALSE,
A-U4SG,2A14,2A14,0.95,材料价格.xlsx,102,FALSE,
2014A,2A14,2A14,0.95,材料价格.xlsx,102,FALSE,
1380,2A14,2A14,0.95,材料价格.xlsx,102,FALSE,
LD10,LD10,LD10,0.95,材料价格.xlsx,103,FALSE,
AK8,LD10,LD10,0.95,材料价格.xlsx,103,FALSE,
H15,LD10,LD10,0.95,材料价格.xlsx,103,FALSE,
3.1255,LD10,LD10,0.95,材料价格.xlsx,103,FALSE,
2A12,2A12,2A12,0.95,材料价格.xlsx,104,FALSE,
AlCuMg2,2A12,2A12,0.95,材料价格.xlsx,104,FALSE,
A-U4SG1,2A12,2A12,0.95,材料价格.xlsx,104,FALSE,
GB-24S,2A12,2A12,0.95,材料价格.xlsx,104,FALSE,
1160,2A12,2A12,0.95,材料价格.xlsx,104,FALSE,
硬铝合金,2A12,2A12,0.95,材料价格.xlsx,104,FALSE,
LY12,LY12,LY12,0.95,材料价格.xlsx,105,FALSE,
3.1355,LY12,LY12,0.95,材料价格.xlsx,105,FALSE,
2A11,2A11,2A11,0.95,材料价格.xlsx,106,FALSE,
AlCuMg1,2A11,2A11,0.95,材料价格.xlsx,106,FALSE,
A-U4G,2A11,2A11,0.95,材料价格.xlsx,106,FALSE,
1110,2A11,2A11,0.95,材料价格.xlsx,106,FALSE,
LY11,LY11,LY11,0.95,材料价格.xlsx,107,FALSE,
3.1325,LY11,LY11,0.95,材料价格.xlsx,107,FALSE,
3A21,3A21,3A21,0.95,材料价格.xlsx,108,FALSE,
AlMnCu,3A21,3A21,0.95,材料价格.xlsx,108,FALSE,
A-M1,3A21,3A21,0.95,材料价格.xlsx,108,FALSE,
3103,3A21,3A21,0.95,材料价格.xlsx,108,FALSE,
1400,3A21,3A21,0.95,材料价格.xlsx,108,FALSE,
LF21,LF21,LF21,0.95,材料价格.xlsx,109,FALSE,
N3,LF21,LF21,0.95,材料价格.xlsx,109,FALSE,
3.0515,LF21,LF21,0.95,材料价格.xlsx,109,FALSE,
3003,3003,3003,0.95,材料价格.xlsx,110,FALSE,
3004,3004,3004,0.95,材料价格.xlsx,111,FALSE,
A-M1G,3004,3004,0.95,材料价格.xlsx,111,FALSE,
4043,4043,4043,0.95,材料价格.xlsx,112,FALSE,
AlSi5,4043,4043,0.95,材料价格.xlsx,112,FALSE,
4043A,4043,4043,0.95,材料价格.xlsx,112,FALSE,
LF2,LF2,LF2,0.95,材料价格.xlsx,113,FALSE,
AMr2,LF2,LF2,0.95,材料价格.xlsx,113,FALSE,
AN4,LF2,LF2,0.95,材料价格.xlsx,113,FALSE,
5A06,5A06,5A06,0.95,材料价格.xlsx,114,FALSE,
Al-Mg,5A06,5A06,0.95,材料价格.xlsx,114,FALSE,
1560,5A06,5A06,0.95,材料价格.xlsx,114,FALSE,
防锈铝,5A06,5A06,0.95,材料价格.xlsx,114,FALSE,
LF6,LF6,LF6,0.95,材料价格.xlsx,115,FALSE,
AMr6,LF6,LF6,0.95,材料价格.xlsx,115,FALSE,
5086,5086,5086,0.95,材料价格.xlsx,116,FALSE,
A-G4MC,5086,5086,0.95,材料价格.xlsx,116,FALSE,
LD30,LD30,LD30,0.95,材料价格.xlsx,117,FALSE,
H20,LD30,LD30,0.95,材料价格.xlsx,117,FALSE,
LD31,LD31,LD31,0.95,材料价格.xlsx,118,FALSE,
H19,LD31,LD31,0.95,材料价格.xlsx,118,FALSE,
3.3205,LD31,LD31,0.95,材料价格.xlsx,118,FALSE,
6082,6082,6082,0.95,材料价格.xlsx,119,FALSE,
AlMgSi1,6082,6082,0.95,材料价格.xlsx,119,FALSE,
AlSiMgMn,6082,6082,0.95,材料价格.xlsx,119,FALSE,
3.2315,6082,6082,0.95,材料价格.xlsx,119,FALSE,
7A04,7A04,7A04,0.95,材料价格.xlsx,120,FALSE,
1950,7A04,7A04,0.95,材料价格.xlsx,120,FALSE,
LC4,LC4,LC4,0.95,材料价格.xlsx,121,FALSE,
B95,LC4,LC4,0.95,材料价格.xlsx,121,FALSE,
LC9,LC9,LC9,0.95,材料价格.xlsx,122,FALSE,
3.4365,LC9,LC9,0.95,材料价格.xlsx,122,FALSE,
QC-10,QC-10,QC-10,0.95,材料价格.xlsx,123,FALSE,
5754,5754,5754,0.95,材料价格.xlsx,124,FALSE,
AL7022,AL7022,AL7022,0.95,材料价格.xlsx,125,FALSE,
变形铝,AL7022,AL7022,0.95,材料价格.xlsx,125,FALSE,
ABS,ABS,ABS 米黄 黑色,0.9,材料价格.xlsx,129,FALSE,
丙烯晴,ABS,ABS 米黄 黑色,0.9,材料价格.xlsx,129,FALSE,
PP,PP,PP 白色 半透 黑色,0.9,材料价格.xlsx,131,FALSE,
聚丙烯,PP,PP 白色 半透 黑色,0.9,材料价格.xlsx,131,FALSE,
PE,PE,PE 白色 黑色蓝色,0.9,材料价格.xlsx,132,FALSE,
聚乙烯,PE,PE 白色 黑色蓝色,0.9,材料价格.xlsx,132,FALSE,
UPE,UPE,UPE 白色 黑色 绿色,0.9,材料价格.xlsx,133,FALSE,
超高分子量500万,UPE,UPE 白色 黑色 绿色,0.9,材料价格.xlsx,133,FALSE,
超高分子量830万,UPE,UPE 白色 黑色 绿色,0.9,材料价格.xlsx,134,FALSE,
超高分子量920万,UPE,UPE 白色 黑色 绿色,0.9,材料价格.xlsx,135,FALSE,
超高分子量1050万,UPE,UPE 白色 黑色 绿色,0.9,材料价格.xlsx,136,FALSE,
POM,POM,POM 白红 黑黄 绿色,0.9,材料价格.xlsx,137,FALSE,
赛钢,POM,POM 白红 黑黄 绿色,0.9,材料价格.xlsx,137,FALSE,
PU,PU,PU 蛋黄 红色,0.9,材料价格.xlsx,138,FALSE,
聚氨酯,PU,PU 蛋黄 红色,0.9,材料价格.xlsx,138,FALSE,
PC,PC,PC 白色 透明,0.9,材料价格.xlsx,139,FALSE,
聚碳酸酯,PC,PC 白色 透明,0.9,材料价格.xlsx,139,FALSE,
PA12,PA12,PA12 黑 白,0.9,材料价格.xlsx,140,FALSE,
尼龙,PA12,PA12 黑 白,0.9,材料价格.xlsx,140,FALSE,
PA46,PA46,PA46 棕色,0.9,材料价格.xlsx,141,FALSE,
PA66,PA66,PA66 白黑蓝绿米黄色,0.9,材料价格.xlsx,142,FALSE,
MC,MC,MC 米黄 黑色,0.9,材料价格.xlsx,143,FALSE,
PA66+GF,PA66+GF,PA66+GF 黑色 米白,0.9,材料价格.xlsx,144,FALSE,
尼龙加钎,PA66+GF,PA66+GF 黑色 米白,0.9,材料价格.xlsx,144,FALSE,
PET,PET,PET 灰色 白色,0.9,材料价格.xlsx,145,FALSE,
丁二醇酯,PET,PET 灰色 白色,0.9,材料价格.xlsx,145,FALSE,
PBT,PBT,PBT 白色黑色,0.9,材料价格.xlsx,146,FALSE,
聚对苯二甲酸,PBT,PBT 白色黑色,0.9,材料价格.xlsx,146,FALSE,
PBT+GF30,PBT+GF30,PBT+GF30 白色黑色,0.9,材料价格.xlsx,147,FALSE,
PVC,PVC,PVC 深灰 浅灰,0.9,材料价格.xlsx,148,FALSE,
聚氯乙烯,PVC,PVC 深灰 浅灰,0.9,材料价格.xlsx,148,FALSE,
CPVC,CPVC,CPVC 深灰 浅灰,0.9,材料价格.xlsx,149,FALSE,
氯化聚氯乙烯,CPVC,CPVC 深灰 浅灰,0.9,材料价格.xlsx,149,FALSE,
PMMA,PMMA,PMMA 透明,0.9,材料价格.xlsx,150,FALSE,
亚克力 有机板,PMMA,PMMA 透明,0.9,材料价格.xlsx,150,FALSE,
PEI,PEI,PEI 琥珀色,0.9,材料价格.xlsx,151,FALSE,
聚醚洗亚胺,PEI,PEI 琥珀色,0.9,材料价格.xlsx,151,FALSE,
PSU,PSU,PSU 琥珀色,0.9,材料价格.xlsx,154,FALSE,
聚砜,PSU,PSU 琥珀色,0.9,材料价格.xlsx,154,FALSE,
PES,PES,PES 琥珀色,0.9,材料价格.xlsx,155,FALSE,
砜聚龙,PES,PES 琥珀色,0.9,材料价格.xlsx,155,FALSE,
PPSU,PPSU,PPSU 白 米黄 黑色,0.9,材料价格.xlsx,156,FALSE,
高性能聚合物,PPSU,PPSU 白 米黄 黑色,0.9,材料价格.xlsx,156,FALSE,
POM+PTFE,POM+PTFE,POM+PTFE 棕色,0.9,材料价格.xlsx,157,FALSE,
赛钢+铁氟龙,POM+PTFE,POM+PTFE 棕色,0.9,材料价格.xlsx,157,FALSE,
PPS,PPS,PPS 白色 黑色,0.9,材料价格.xlsx,158,FALSE,
聚苯硫醚,PPS,PPS 白色 黑色,0.9,材料价格.xlsx,158,FALSE,
PPS+GF,PPS+GF,PPS+GF 白色 黑色,0.9,材料价格.xlsx,159,FALSE,
PEEK,PEEK,PEEK 瓷白白色,0.9,材料价格.xlsx,160,FALSE,
聚醚醚酮,PEEK,PEEK 瓷白白色,0.9,材料价格.xlsx,160,FALSE,
PEEK(名牌：KETRON100),PEEK(名牌：KETRON100),PEEK(名牌：KETRON100),0.9,材料价格.xlsx,165,FALSE,
电木,电木,电木 棕红 黑色 黄色,0.9,材料价格.xlsx,166,FALSE,
PBI,PBI,PBI 黑色,0.9,材料价格.xlsx,167,FALSE,
聚苯并咪唑,PBI,PBI 黑色,0.9,材料价格.xlsx,167,FALSE,
PAI,PAI,PAI 黑 墨绿 蛋黄,0.9,材料价格.xlsx,168,FALSE,
酰胺基新型料,PAI,PAI 黑 墨绿 蛋黄,0.9,材料价格.xlsx,168,FALSE,
PI,PI,PI 棕色 黑色,0.9,材料价格.xlsx,169,FALSE,
聚酰亚胺,PI,PI 棕色 黑色,0.9,材料价格.xlsx,169,FALSE,
PFA,PFA,PFA 乳白,0.9,材料价格.xlsx,170,FALSE,
偏一氟,PFA,PFA 乳白,0.9,材料价格.xlsx,170,FALSE,
PVDF,PVDF,PVDF 白色,0.9,材料价格.xlsx,171,FALSE,
偏二氟,PVDF,PVDF 白色,0.9,材料价格.xlsx,171,FALSE,
PCTFE,PCTFE,PCTFE 半透,0.9,材料价格.xlsx,172,FALSE,
偏三氟,PCTFE,PCTFE 半透,0.9,材料价格.xlsx,172,FALSE,
PTFE,PTFE,PTFE 白色 黑色,0.9,材料价格.xlsx,173,FALSE,
偏四氟,PTFE,PTFE 白色 黑色,0.9,材料价格.xlsx,173,FALSE,
TORLON 4275,TORLON 4275,TORLON 4275 黑色,0.9,材料价格.xlsx,174,FALSE,
聚酰胺 - 酰亚胺,TORLON 4275,TORLON 4275 黑色,0.9,材料价格.xlsx,174,FALSE,
